0,10,0,30,270,0,0
1,9.998,0.1999867,30,268.8541,0,0
2,9.992001,0.3998933,30,267.7082,0,0
3,9.311168,3.647212,30,248.6096,0,0
4,9.244562,3.812884,30,247.5865,0,0
5,9.18042,3.964832,30,246.6415,0,0
6,9.09536,4.156252,30,245.4413,0,0
7,9.034744,4.286421,30,244.6186,0,0
8,8.924484,4.511494,30,243.1826,0,0
9,8.806343,4.737967,30,241.719,0,0
10,8.720396,4.894353,30,240.6965,0,0
11,8.572601,5.148835,30,239.0103,0,0
12,8.376902,5.461457,30,236.897,0,0
13,8.142668,5.804909,30,234.5149,0,0
14,7.929016,6.093497,30,232.4575,0,0
15,7.737605,6.334782,30,230.6928,0,0
16,7.522954,6.588259,30,228.7896,0,0
17,7.275453,6.860596,30,226.681,0,0
18,7.019353,7.122407,30,224.5825,0,0
19,6.796497,7.335368,30,222.8163,0,0
20,6.469288,7.625504,30,220.3104,0,0
21,6.165943,7.872811,30,218.0679,0,0
22,5.965819,8.025521,30,216.6255,0,0
23,5.756068,8.177266,30,215.1422,0,0
24,5.529069,8.33243,30,213.5667,0,0
25,5.301832,8.478831,30,212.0178,0,0
26,5.036471,8.639094,30,210.2416,0,0
27,4.797282,8.774172,30,208.6677,0,0
28,4.523372,8.918469,30,206.8937,0,0
29,4.265398,9.044687,30,205.2482,0,0
30,3.962391,9.181474,30,203.3433,0,0
31,3.663562,9.304747,30,201.4911,0,0
32,3.48226,9.374105,30,200.3788,0,0
33,3.127859,9.498236,30,198.2272,0,0
34,2.861681,9.581794,30,196.6287,0,0
35,2.583604,9.660486,30,194.9728,0,0
36,2.194982,9.756128,30,192.6796,0,0
37,1.96533,9.804972,30,191.3343,0,0
38,1.697545,9.854864,30,189.7736,0,0
39,1.408696,9.900282,30,188.0982,0,0
40,1.04829,9.944902,30,186.0173,0,0
41,0.8263033,9.965802,30,184.7398,0,0
42,0.5255883,9.986178,30,183.0128,0,0
43,0.20677,9.997862,30,181.1848,0,0
44,-0.1143542,9.999346,30,179.3448,0,0
45,-0.5994329,9.982018,30,176.5634,0,0
46,-0.6773674,9.977033,30,176.116,0,0
47,-1.082359,9.941253,30,173.7864,0,0
48,-1.425095,9.897934,30,171.8069,0,0
49,-1.726031,9.849915,30,170.0608,0,0
50,-2.048121,9.788013,30,168.1815,0,0
51,-2.284162,9.735636,30,166.7962,0,0
52,-2.561686,9.666321,30,165.1572,0,0
53,-2.848454,9.585734,30,163.4504,0,0
54,-3.101035,9.507028,30,161.9345,0,0
55,-3.638426,9.314605,30,158.6636,0,0
56,-3.761952,9.265405,30,157.9018,0,0
57,-4.005014,9.162961,30,156.3905,0,0
58,-4.277572,9.038937,30,154.6747,0,0
59,-4.598102,8.880173,30,152.6252,0,0
60,-4.886211,8.72496,30,150.75,0,0
61,-5.14242,8.576451,30,149.0532,0,0
62,-5.393569,8.420773,30,147.3601,0,0
63,-5.688128,8.22467,30,145.3325,0,0
64,-5.943623,8.041974,30,143.5328,0,0
65,-6.192645,7.851825,30,141.7376,0,0
66,-6.441829,7.648715,30,139.8956,0,0
67,-6.686241,7.436006,30,138.039,0,0
68,-6.939168,7.200552,30,136.059,0,0
69,-7.115746,7.026105,30,134.6368,0,0
70,-7.382667,6.74509,30,132.416,0,0
71,-7.600789,6.498308,30,130.5289,0,0
72,-7.779648,6.283079,30,128.9254,0,0
73,-7.949422,6.066852,30,127.3502,0,0
74,-8.12943,5.823433,30,125.6155,0,0
75,-8.320215,5.547434,30,123.6931,0,0
76,-8.488648,5.286099,30,121.9116,0,0
77,-8.624868,5.060795,30,120.403,0,0
78,-8.784786,4.777817,30,118.5406,0,0
79,-8.898252,4.563016,30,117.1487,0,0
80,-9.040801,4.27363,30,115.3003,0,0
81,-9.157557,4.017356,30,113.6867,0,0
82,-9.286321,3.71002,30,111.7774,0,0
83,-9.380021,3.466295,30,110.2813,0,0
84,-9.481773,3.177417,30,108.5264,0,0
85,-9.570911,2.897873,30,106.8452,0,0
86,-9.651889,2.61554,30,105.1623,0,0
87,-9.725373,2.327468,30,103.4588,0,0
88,-9.787138,2.052299,30,101.843,0,0
89,-9.844353,1.757474,30,100.1222,0,0
90,-9.887329,1.496901,30,98.60898,0,0
91,-9.93177,1.16616,30,96.69685,0,0
92,-9.958512,0.9099673,30,95.22096,0,0
93,-9.986651,0.5165129,30,92.96072,0,0
94,-9.995728,0.2922491,30,91.67471,0,0
95,-9.99936,-0.1131042,30,89.35196,0,0
96,-9.991013,-0.4238656,30,87.57071,0,0
97,-9.978523,-0.6550348,30,86.24425,0,0
98,-9.950308,-0.9956723,30,84.28577,0,0
99,-9.916453,-1.289944,30,82.58853,0,0
100,-9.870876,-1.601812,30,80.78259,0,0
101,-9.817753,-1.900455,30,79.04457,0,0
102,-9.761284,-2.171945,30,77.4557,0,0
103,-9.697998,-2.439025,30,75.88303,0,0
104,-9.586983,-2.844251,30,73.47552,0,0
105,-9.504184,-3.109741,30,71.88206,0,0
106,-9.422948,-3.347844,30,70.44058,0,0
107,-9.322949,-3.61699,30,68.79544,0,0
108,-9.208003,-3.900344,30,67.04337,0,0
109,-9.066383,-4.219088,30,65.04486,0,0
110,-8.943099,-4.47448,30,63.41994,0,0
111,-8.78843,-4.771111,30,61.50311,0,0
112,-8.64977,-5.018116,30,59.88008,0,0
113,-8.514144,-5.244936,30,58.36584,0,0
114,-8.397028,-5.430462,30,57.10876,0,0
115,-8.199041,-5.725008,30,55.07521,0,0
116,-7.96715,-6.043553,30,52.81755,0,0
117,-7.745723,-6.324854,30,50.76628,0,0
118,-7.564377,-6.540658,30,49.15115,0,0
119,-7.344166,-6.78699,30,47.25795,0,0
120,-7.112622,-7.029268,30,45.33771,0,0
121,-6.893984,-7.243824,30,43.58252,0,0
122,-6.63542,-7.481391,30,41.57057,0,0
123,-6.157746,-7.879223,30,38.00824,0,0
124,-5.913511,-8.064142,30,36.25296,0,0
125,-5.666365,-8.239679,30,34.51602,0,0
126,-5.387576,-8.424608,30,32.59911,0,0
127,-5.115709,-8.592411,30,30.76854,0,0
128,-4.826958,-8.757881,30,28.86163,0,0
129,-4.495009,-8.932798,30,26.71169,0,0
130,-4.234248,-9.059313,30,25.05101,0,0
131,-3.947192,-9.188019,30,23.24847,0,0
132,-3.679739,-9.298361,30,21.59073,0,0
133,-3.416629,-9.398226,30,19.97824,0,0
134,-3.111455,-9.503623,30,18.1283,0,0
135,-2.831642,-9.590714,30,16.44916,0,0
136,-2.552168,-9.668839,30,14.78644,0,0
137,-2.240209,-9.745844,30,12.94531,0,0
138,-1.968004,-9.804436,30,11.34995,0,0
139,-1.61021,-9.86951,30,9.266174,0,0
140,-1.332684,-9.9108,30,7.658508,0,0
141,-1.006982,-9.94917,30,5.779388,0,0
142,-0.7060037,-9.975046,30,4.048492,0,0
143,-0.4002978,-9.991985,30,2.294159,0,0
144,-0.0678962,-9.999769,30,0.3890381,0,0
145,0.2247575,-9.997474,30,-1.287872,0,0
146,0.4720698,-9.988852,30,-2.70575,0,0
147,0.7022272,-9.975313,30,-4.026764,0,0
148,1.05022,-9.944698,30,-6.028412,0,0
149,1.33791,-9.910096,30,-7.68869,0,0
150,1.671988,-9.859232,30,-9.624969,0,0
151,1.941943,-9.809631,30,-11.19763,0,0
152,2.221719,-9.750075,30,-12.83661,0,0
153,2.479329,-9.687772,30,-14.35522,0,0
154,2.783355,-9.604839,30,-16.16086,0,0
155,3.087586,-9.511404,30,-17.98441,0,0
156,3.367988,-9.415767,30,-19.68195,0,0
157,3.607665,-9.326562,30,-21.14725,0,0
158,3.920059,-9.199627,30,-23.07935,0,0
159,4.175077,-9.086734,30,-24.67731,0,0
160,4.425376,-8.9675,30,-26.2659,0,0
161,4.715948,-8.818153,30,-28.13785,0,0
162,4.949386,-8.68928,30,-29.66568,0,0
163,5.176351,-8.556015,30,-31.17374,0,0
164,5.439699,-8.391047,30,-32.95428,0,0
165,5.685267,-8.226648,30,-34.64755,0,0
166,5.93786,-8.04623,30,-36.42612,0,0
167,6.139448,-7.89349,30,-37.87527,0,0
168,6.393167,-7.689435,30,-39.74088,0,0
169,6.575417,-7.534182,30,-41.11264,0,0
170,6.82035,-7.313195,30,-43.00287,0,0
171,7.020092,-7.121678,30,-44.58841,0,0
172,7.255632,-6.881556,30,-46.51572,0,0
173,7.45603,-6.663904,30,-48.21091,0,0
174,7.652245,-6.437636,30,-49.92694,0,0
175,7.829465,-6.22089,30,-51.53113,0,0
176,8.016748,-5.977603,30,-53.29031,0,0
177,8.179358,-5.753096,30,-54.87866,0,0
178,8.350205,-5.502188,30,-56.61795,0,0
179,8.510009,-5.251644,30,-58.32068,0,0
180,8.679076,-4.967256,30,-60.21637,0,0
181,8.814059,-4.723597,30,-61.81241,0,0
182,8.941048,-4.47858,30,-63.39365,0,0
183,9.075547,-4.199337,30,-65.16959,0,0
184,9.207506,-3.901516,30,-67.03604,0,0
185,9.348626,-3.550097,30,-69.20593,0,0
186,9.440055,-3.299297,30,-70.73547,0,0
187,9.540264,-2.997224,30,-72.55905,0,0
188,9.615927,-2.744804,30,-74.06894,0,0
189,9.720254,-2.348759,30,-76.41568,0,0
190,9.794156,-2.018542,30,-78.35458,0,0
191,9.856673,-1.68701,30,-80.28769,0,0
192,9.905206,-1.373648,30,-82.10458,0,0
193,9.938355,-1.10864,30,-83.63486,0,0
194,9.96718,-0.8095154,30,-85.35672,0,0
195,9.988249,-0.4846421,30,-87.22211,0,0
196,9.997468,-0.2250226,30,-88.7106,0,0
197,9.999572,0.09251161,30,-90.53003,0,0
198,9.99263,0.3838376,30,-92.19974,0,0
199,9.977184,0.6751232,30,-93.87109,0,0
200,9.952146,0.9771436,30,-95.60754,0,0
201,9.911968,1.323966,30,-97.60809,0,0
202,9.869333,1.611289,30,-99.2724,0,0
203,9.811465,1.932654,30,-101.1434,0,0
204,9.747997,2.230818,30,-102.8901,0,0
205,9.685984,2.486306,30,-104.3965,0,0
206,9.59429,2.819504,30,-106.3766,0,0
207,9.480418,3.181458,30,-108.5508,0,0
208,9.384249,3.454834,30,-110.2113,0,0
209,9.278239,3.730183,30,-111.9019,0,0
210,9.161518,4.008315,30,-113.6302,0,0
211,9.038607,4.278271,30,-115.3297,0,0
212,8.912323,4.535472,30,-116.9715,0,0
213,8.799723,4.75025,30,-118.361,0,0
214,8.64524,5.025916,30,-120.1716,0,0
215,8.479792,5.300295,30,-122.0074,0,0
216,8.333608,5.527294,30,-123.5544,0,0
217,8.157968,5.783387,30,-125.3338,0,0
218,7.984513,6.020594,30,-127.0175,0,0
219,7.797186,6.261302,30,-128.7652,0,0
220,7.627275,6.467201,30,-130.2947,0,0
221,7.417039,6.707274,30,-132.1232,0,0
222,7.199079,6.940696,30,-133.9531,0,0
223,6.988719,7.152468,30,-135.6634,0,0
224,6.745473,7.382316,30,-137.581,0,0
225,6.480117,7.616303,30,-139.6081,0,0
226,6.257683,7.80009,30,-141.2614,0,0
227,5.996042,8.002967,30,-143.1584,0,0
228,5.777752,8.161959,30,-144.7057,0,0
229,5.52279,8.336594,30,-146.4765,0,0
230,5.235596,8.51989,30,-148.4286,0,0
231,4.994098,8.663659,30,-150.039,0,0
232,4.749167,8.800307,30,-151.6461,0,0
233,4.490976,8.934827,30,-153.3142,0,0
234,4.19461,9.077734,30,-155.1994,0,0
235,3.927736,9.196352,30,-156.8728,0,0
236,3.638532,9.314563,30,-158.663,0,0
237,3.421089,9.396603,30,-159.9946,0,0
238,3.070897,9.516806,30,-162.1161,0,0
239,2.815304,9.595524,30,-163.6484,0,0
240,2.44502,9.696487,30,-165.8476,0,0
241,2.147963,9.766589,30,-167.5964,0,0
242,1.867318,9.824109,30,-169.2379,0,0
243,1.604121,9.870502,30,-170.7692,0,0
244,1.270013,9.919025,30,-172.7036,0,0
245,0.9971294,9.950162,30,-174.2773,0,0
246,0.6879532,9.976308,30,-176.0552,0,0
247,0.4213434,9.991119,30,-177.5851,0,0
248,0.1663717,9.998616,30,-179.0467,0,0
249,-0.1689769,9.998572,30,-180.9682,0,0
250,-0.4308068,9.990716,30,-182.4691,0,0
251,-0.7735989,9.970033,30,-184.4368,0,0
252,-1.068089,9.942796,30,-186.1314,0,0
253,-1.386036,9.90348,30,-187.967,0,0
254,-1.69992,9.854454,30,-189.7873,0,0
255,-1.938452,9.810322,30,-191.1772,0,0
256,-2.286478,9.735092,30,-193.2174,0,0
257,-2.593642,9.657796,30,-195.0323,0,0
258,-2.895611,9.571595,30,-196.8317,0,0
259,-3.209307,9.471026,30,-198.7192,0,0
260,-3.480257,9.374849,30,-200.3666,0,0
261,-3.730357,9.27817,30,-201.9029,0,0
262,-4.035436,9.149604,30,-203.7999,0,0
263,-4.291955,9.032116,30,-205.4165,0,0
264,-4.558874,8.900374,30,-207.122,0,0
265,-4.818001,8.762812,30,-208.803,0,0
266,-5.071206,8.618752,30,-210.4722,0,0
267,-5.308458,8.474685,30,-212.0626,0,0
268,-5.597959,8.286305,30,-214.0417,0,0
269,-5.835017,8.121119,30,-215.6972,0,0
270,-6.100816,7.923386,30,-217.5954,0,0
271,-6.31438,7.754264,30,-219.1563,0,0
272,-6.568922,7.539845,30,-221.0633,0,0
273,-6.810456,7.32241,30,-222.9254,0,0
274,-7.041346,7.100666,30,-224.7596,0,0
275,-7.257104,6.880002,30,-226.528,0,0
276,-7.45905,6.660523,30,-228.2369,0,0
277,-7.661763,6.426304,30,-230.0117,0,0
278,-7.839199,6.20862,30,-231.6209,0,0
279,-7.994789,6.006942,30,-233.0804,0,0
280,-8.165287,5.773049,30,-234.7388,0,0
281,-8.357025,5.491824,30,-236.689,0,0
282,-8.485927,5.290468,30,-238.0589,0,0
283,-8.613442,5.080217,30,-239.4678,0,0
284,-8.788719,4.770578,30,-241.5066,0,0
285,-8.925572,4.50934,30,-243.1964,0,0
286,-9.065126,4.221786,30,-245.0278,0,0
287,-9.194107,3.932987,30,-246.8401,0,0
288,-9.292101,3.695518,30,-248.312,0,0
289,-9.404662,3.398872,30,-250.1299,0,0
290,-9.518023,3.067124,30,-252.1387,0,0
291,-9.617661,2.738725,30,-254.1052,0,0
292,-9.693437,2.457089,30,-255.7762,0,0
293,-9.754947,2.200229,30,-257.2896,0,0
294,-9.81178,1.931056,30,-258.8659,0,0
295,-9.864319,1.641714,30,-260.5508,0,0
296,-9.906005,1.367873,30,-262.138,0,0
297,-9.948012,1.018358,30,-264.1551,0,0
298,-9.973751,0.7240817,30,-265.8477,0,0
299,-9.990655,0.4322133,30,-267.5228,0,0
300,-9.998979,0.142903,30,-269.1812,0,0
301,-9.999357,-0.1133611,30,-270.6495,0,0
302,-9.992951,-0.3753927,30,-272.1513,0,0
303,-9.975785,-0.695487,30,-273.988,0,0
304,-9.951307,-0.9856315,30,-275.6564,0,0
305,-9.923335,-1.235893,30,-277.0992,0,0
306,-9.877182,-1.562462,30,-278.9891,0,0
307,-9.827432,-1.849752,30,-280.6597,0,0
308,-9.766462,-2.148539,30,-282.4069,0,0
309,-9.703644,-2.416467,30,-283.9837,0,0
310,-9.635325,-2.675912,30,-285.5209,0,0
311,-9.545177,-2.981541,30,-287.3467,0,0
312,-9.454188,-3.258576,30,-289.0175,0,0
313,-9.35577,-3.531226,30,-290.6784,0,0
314,-9.255421,-3.786446,30,-292.2497,0,0
315,-9.132319,-4.074401,30,-294.0441,0,0
316,-9.005521,-4.347481,30,-295.7692,0,0
317,-8.889617,-4.579815,30,-297.2569,0,0
318,-8.7475,-4.845744,30,-298.9846,0,0
319,-8.596759,-5.108399,30,-300.7197,0,0
320,-8.449333,-5.348717,30,-302.3352,0,0
321,-8.302464,-5.573965,30,-303.8759,0,0
322,-8.121416,-5.834604,30,-305.6943,0,0
323,-7.974377,-6.034012,30,-307.1138,0,0
324,-7.787776,-6.273002,30,-308.8512,0,0
325,-7.610996,-6.48635,30,-310.4387,0,0
326,-7.427046,-6.696193,30,-312.0377,0,0
327,-7.248312,-6.889265,30,-313.5452,0,0
328,-7.048445,-7.093618,30,-315.183,0,0
329,-6.83424,-7.300217,30,-316.8882,0,0
330,-6.628497,-7.487525,30,-318.4824,0,0
331,-6.414147,-7.671943,30,-320.1026,0,0
332,-6.194265,-7.850547,30,-321.7257,0,0
333,-5.959331,-8.030341,30,-323.4208,0,0
334,-5.723553,-8.200057,30,-325.0853,0,0
335,-5.532098,-8.33042,30,-326.4125,0,0
336,-5.337344,-8.456522,30,-327.7418,0,0
337,-5.084622,-8.610843,30,-329.4385,0,0
338,-4.808555,-8.767999,30,-331.2587,0,0
339,-4.56848,-8.895448,30,-332.8161,0,0
340,-4.316583,-9.020372,30,-334.4271,0,0
341,-4.064054,-9.136929,30,-336.0208,0,0
342,-3.834784,-9.235498,30,-337.4507,0,0
343,-3.584411,-9.335524,30,-338.9955,0,0
344,-3.283344,-9.445616,30,-340.8323,0,0
345,-3.010632,-9.536041,30,-342.4785,0,0
346,-2.723517,-9.621978,30,-344.1957,0,0
347,-2.473516,-9.689258,30,-345.6791,0,0
348,-2.150349,-9.766064,30,-347.5824,0,0
349,-1.859379,-9.825615,30,-349.2841,0,0
350,-1.575227,-9.875154,30,-350.9368,0,0
351,-1.296015,-9.915662,30,-352.5534,0,0
352,-0.9985686,-9.950018,30,-354.269,0,0
353,-0.704204,-9.975174,30,-355.9619,0,0
354,-0.4222025,-9.991083,30,-357.5802,0,0
355,-0.1107794,-9.999387,30,-359.3652,0,0
356,0.195116,-9.998096,30,-1.117981,0,0
357,0.5293249,-9.985981,30,-3.03418,0,0
358,0.8119761,-9.96698,30,-4.657349,0,0
359,1.099862,-9.939331,30,-6.314514,0,0
360,1.396791,-9.901968,30,-8.029236,0,0
361,1.715775,-9.851706,30,-9.879517,0,0
362,2.009797,-9.795954,30,-11.59424,0,0
363,2.259242,-9.741448,30,-13.05719,0,0
364,2.545202,-9.670674,30,-14.74512,0,0
365,2.859857,-9.582339,30,-16.61774,0,0
366,3.136216,-9.49548,30,-18.27759,0,0
367,3.434407,-9.391744,30,-20.08661,0,0
368,3.721369,-9.281779,30,-21.84741,0,0
369,3.968248,-9.178944,30,-23.37982,0,0
370,4.294336,-9.030985,30,-25.43158,0,0
371,4.558707,-8.90046,30,-27.12091,0,0
372,4.851221,-8.744464,30,-29.02045,0,0
373,5.156196,-8.568176,30,-31.03882,0,0
374,5.401469,-8.415708,30,-32.6936,0,0
375,5.646851,-8.253065,30,-34.38037,0,0
376,5.889165,-8.081939,30,-36.08014,0,0
377,6.101438,-7.922907,30,-37.59985,0,0
378,6.316445,-7.752582,30,-39.17151,0,0
379,6.560802,-7.546912,30,-41.00159,0,0
380,6.750076,-7.378107,30,-42.45471,0,0
381,7.026639,-7.11522,30,-44.64105,0,0
382,7.240038,-6.89796,30,-46.38599,0,0
383,7.446169,-6.67492,30,-48.12616,0,0
384,7.664939,-6.422515,30,-50.04004,0,0
385,7.838301,-6.209753,30,-51.61255,0,0
386,8.049314,-5.933678,30,-53.60358,0,0
387,8.203482,-5.718644,30,-55.11963,0,0
388,8.401714,-5.423208,30,-57.1582,0,0
389,8.567444,-5.157413,30,-58.95294,0,0
390,8.690773,-4.946764,30,-60.35156,0,0
391,8.844484,-4.66638,30,-62.18365,0,0
392,8.979261,-4.401463,30,-63.88672,0,0
393,9.116117,-4.110526,30,-65.729,0,0
394,9.245286,-3.811126,30,-67.59735,0,0
395,9.341039,-3.570013,30,-69.0838,0,0
396,9.436602,-3.309161,30,-70.6756,0,0
397,9.538542,-3.002704,30,-72.52612,0,0
398,9.612759,-2.755878,30,-74.00293,0,0
399,9.704694,-2.412243,30,-76.04114,0,0
400,9.773624,-2.11572,30,-77.78546,0,0
401,9.830658,-1.832529,30,-79.44067,0,0
402,9.875387,-1.573761,30,-80.94531,0,0
403,9.919202,-1.268637,30,-82.71155,0,0
404,9.960031,-0.893189,30,-84.87555,0,0
405,9.983396,-0.5760306,30,-86.69769,0,0
406,9.996334,-0.2707592,30,-88.44843,0,0
407,9.999972,0.02376904,30,-90.13617,0,0
408,9.993789,0.352399,30,-92.01947,0,0
409,9.978477,0.6557369,30,-93.75977,0,0
410,9.954603,0.9517772,30,-95.46149,0,0
411,9.922074,1.245965,30,-97.15741,0,0
412,9.883768,1.520241,30,-98.7442,0,0
413,9.833542,1.816989,30,-100.4687,0,0
414,9.776018,2.104633,30,-102.1495,0,0
415,9.712894,2.37901,30,-103.7626,0,0
416,9.619819,2.731133,30,-105.8495,0,0
417,9.536696,3.008559,30,-107.509,0,0
418,9.448776,3.274236,30,-109.1124,0,0
419,9.340631,3.57108,30,-110.9227,0,0
420,9.228233,3.852235,30,-112.6576,0,0
421,9.086045,4.176575,30,-114.6868,0,0
422,8.950649,4.459359,30,-116.4832,0,0
423,8.807647,4.735542,30,-118.2652,0,0
424,8.672762,4.978273,30,-119.8563,0,0
425,8.526329,5.225104,30,-121.5007,0,0
426,8.340224,5.517305,30,-123.4858,0,0
427,8.161649,5.778191,30,-125.2972,0,0
428,8.019449,5.973979,30,-126.6837,0,0
429,7.845907,6.200141,30,-128.3171,0,0
430,7.649643,6.440726,30,-130.0961,0,0
431,7.448902,6.671872,30,-131.8503,0,0
432,7.236065,6.902127,30,-133.6469,0,0
433,7.023111,7.118702,30,-135.3873,0,0
434,6.799839,7.33227,30,-137.1576,0,0
435,6.589251,7.522085,30,-138.782,0,0
436,6.377085,7.702778,30,-140.3788,0,0
437,6.118947,7.909392,30,-142.2733,0,0
438,5.836122,8.120326,30,-144.295,0,0
439,5.574273,8.302258,30,-146.1219,0,0
440,5.333776,8.458773,30,-147.766,0,0
441,5.114562,8.593094,30,-149.2391,0,0
442,4.821616,8.760823,30,-151.1733,0,0
443,4.556163,8.901763,30,-152.8954,0,0
444,4.303629,9.02656,30,-154.5093,0,0
445,4.060687,9.138426,30,-156.0419,0,0
446,3.758103,9.266966,30,-157.9255,0,0
447,3.444717,9.387967,30,-159.8504,0,0
448,3.175774,9.482324,30,-161.4835,0,0
449,2.909388,9.567417,30,-163.0858,0,0
450,2.606539,9.654323,30,-164.8911,0,0
451,2.311487,9.729184,30,-166.6353,0,0
452,2.02919,9.791955,30,-168.2922,0,0
453,1.714688,9.851895,30,-170.1267,0,0
454,1.424004,9.898091,30,-171.8132,0,0
455,1.103666,9.93891,30,-173.6635,0,0
456,0.778411,9.969658,30,-175.5355,0,0
457,0.4681017,9.989038,30,-177.317,0,0
458,0.1127025,9.999365,30,-179.3542,0,0
459,-0.1686974,9.998577,30,-180.9666,0,0
460,-0.4285743,9.990812,30,-182.4562,0,0
461,-0.7383872,9.972702,30,-184.2344,0,0
462,-0.9878713,9.951086,30,-185.6693,0,0
463,-1.269076,9.919146,30,-187.2909,0,0
464,-1.609071,9.869696,30,-189.2595,0,0
465,-1.894597,9.818885,30,-190.9212,0,0
466,-2.143379,9.767595,30,-192.3766,0,0
467,-2.448343,9.695649,30,-194.172,0,0
468,-2.766304,9.609764,30,-196.0591,0,0
469,-3.043687,9.525543,30,-197.7202,0,0
470,-3.31881,9.433212,30,-199.3829,0,0
471,-3.582316,9.336328,30,-200.9916,0,0
472,-3.945129,9.188904,30,-203.2355,0,0
473,-4.236141,9.058428,30,-205.0629,0,0
474,-4.52719,8.916533,30,-206.9182,0,0
475,-4.775598,8.785993,30,-208.5261,0,0
476,-5.010749,8.654039,30,-210.0711,0,0
477,-5.25492,8.507985,30,-211.7013,0,0
478,-5.542586,8.323445,30,-213.6596,0,0
479,-5.806609,8.141455,30,-215.497,0,0
480,-6.038537,7.970953,30,-217.1464,0,0
481,-6.279053,7.782898,30,-218.8957,0,0
482,-6.522452,7.58008,30,-220.7111,0,0
483,-6.738411,7.388762,30,-222.3642,0,0
484,-6.975248,7.165606,30,-224.2287,0,0
485,-7.182825,6.957516,30,-225.9128,0,0
486,-7.387392,6.739914,30,-227.6241,0,0
487,-7.571196,6.532764,30,-229.2109,0,0
488,-7.782986,6.278943,30,-231.105,0,0
489,-8.015158,5.979736,30,-233.275,0,0
490,-8.179777,5.752499,30,-234.8828,0,0
491,-8.361855,5.484468,30,-236.7394,0,0
492,-8.524465,5.228145,30,-238.4787,0,0
493,-8.673095,4.977694,30,-240.1474,0,0
494,-8.821959,4.708826,30,-241.9083,0,0
495,-8.955523,4.449565,30,-243.5794,0,0
496,-9.078587,4.192763,30,-245.2111,0,0
497,-9.189249,3.944324,30,-246.7693,0,0
498,-9.307281,3.657119,30,-248.5485,0,0
499,-9.402782,3.404068,30,-250.0983,0,0
500,-9.518188,3.066609,30,-252.1418,0,0
501,-9.601687,2.79421,30,-253.7743,0,0
502,-9.679024,2.513265,30,-255.4439,0,0
503,-9.750275,2.220843,30,-257.1685,0,0
504,-9.807816,1.951089,30,-258.7488,0,0
505,-9.872403,1.592374,30,-260.8373,0,0
506,-9.914097,1.307928,30,-262.4846,0,0
507,-9.951647,0.982208,30,-264.3632,0,0
508,-9.975655,0.6973543,30,-266.0012,0,0
509,-9.991182,0.4198489,30,-267.5937,0,0
510,-9.998953,0.1446701,30,-269.171,0,0
511,-9.998774,-0.1565841,30,-270.8972,0,0
512,-9.990723,-0.4306577,30,-272.4682,0,0
513,-9.97541,-0.7008592,30,-274.0189,0,0
514,-9.949695,-1.001789,30,-275.7495,0,0
515,-9.911552,-1.327076,30,-277.626,0,0
516,-9.870332,-1.605162,30,-279.2368,0,0
517,-9.808754,-1.946369,30,-281.2234,0,0
518,-9.756395,-2.193798,30,-282.6725,0,0
519,-9.684111,-2.493593,30,-284.4396,0,0
520,-9.612956,-2.755191,30,-285.9929,0,0
521,-9.523062,-3.051441,30,-287.7668,0,0
522,-9.422617,-3.348775,30,-289.5651,0,0
523,-9.296989,-3.683204,30,-291.612,0,0
524,-9.193054,-3.935449,30,-293.1752,0,0
525,-9.083091,-4.182998,30,-294.7272,0,0
526,-8.949048,-4.462571,30,-296.5037,0,0
527,-8.82215,-4.708467,30,-298.0892,0,0
528,-8.680053,-4.96555,30,-299.7723,0,0
529,-8.521026,-5.233748,30,-301.5588,0,0
530,-8.388428,-5.443737,30,-302.9818,0,0
531,-8.213884,-5.703692,30,-304.7759,0,0
532,-8.041685,-5.944014,30,-306.4699,0,0
533,-7.880655,-6.155914,30,-307.9949,0,0
534,-7.690931,-6.391367,30,-309.7274,0,0
535,-7.493392,-6.621863,30,-311.4668,0,0
536,-7.299035,-6.835503,30,-313.1216,0,0
537,-7.075416,-7.066717,30,-314.9647,0,0
538,-6.858814,-7.277133,30,-316.695,0,0
539,-6.664731,-7.455291,30,-318.2045,0,0
540,-6.380491,-7.699957,30,-320.3535,0,0
541,-6.140615,-7.892582,30,-322.1162,0,0
542,-5.913047,-8.064482,30,-323.7503,0,0
543,-5.663501,-8.241648,30,-325.5038,0,0
544,-5.439128,-8.391418,30,-327.0496,0,0
545,-5.196186,-8.543983,30,-328.6933,0,0
546,-4.929664,-8.700483,30,-330.4642,0,0
547,-4.689306,-8.83235,30,-332.035,0,0
548,-4.43076,-8.964841,30,-333.6996,0,0
549,-4.155484,-9.095711,30,-335.4461,0,0
550,-3.896399,-9.209673,30,-337.0679,0,0
551,-3.570191,-9.340971,30,-339.0827,0,0
552,-3.316926,-9.433875,30,-340.6284,0,0
553,-3.043775,-9.525515,30,-342.2792,0,0
554,-2.797445,-9.600745,30,-343.755,0,0
555,-2.4563,-9.693637,30,-345.7809,0,0
556,-2.160084,-9.763915,30,-347.5253,0,0
557,-1.841097,-9.829057,30,-349.3907,0,0
558,-1.525607,-9.882941,30,-351.2246,0,0
559,-1.214745,-9.925945,30,-353.0228,0,0
560,-0.9734793,-9.952504,30,-354.4135,0,0
561,-0.6529415,-9.978661,30,-356.2562,0,0
562,-0.2696914,-9.996363,30,-358.4545,0,0
563,-0.05076025,-9.999871,30,-359.7091,0,0
564,0.2494875,-9.996887,30,-1.429565,0,0
565,0.5667069,-9.98393,30,-3.248657,0,0
566,0.8172578,-9.966549,30,-4.687744,0,0
567,1.125685,-9.93644,30,-6.463318,0,0
568,1.464511,-9.892179,30,-8.421265,0,0
569,1.740354,-9.847394,30,-10.02246,0,0
570,2.047708,-9.788099,30,-11.81604,0,0
571,2.329135,-9.724975,30,-13.46863,0,0
572,2.619523,-9.650808,30,-15.18585,0,0
573,2.967978,-9.549403,30,-17.26532,0,0
574,3.229306,-9.464227,30,-18.84021,0,0
575,3.560219,-9.344776,30,-20.85602,0,0
576,3.819243,-9.241936,30,-22.45288,0,0
577,4.071016,-9.133829,30,-24.02283,0,0
578,4.37077,-8.994241,30,-25.91748,0,0
579,4.620912,-8.868324,30,-27.52209,0,0
580,4.87784,-8.729643,30,-29.19501,0,0
581,5.130823,-8.583394,30,-30.86932,0,0
582,5.404596,-8.413699,30,-32.7149,0,0
583,5.612498,-8.276464,30,-34.14221,0,0
584,5.876924,-8.090845,30,-35.99341,0,0
585,6.133844,-7.897845,30,-37.83459,0,0
586,6.376471,-7.703286,30,-39.61658,0,0
587,6.613345,-7.500911,30,-41.40173,0,0
588,6.821476,-7.312145,30,-43.0116,0,0
589,7.057647,-7.084463,30,-44.89136,0,0
590,7.245533,-6.892188,30,-46.43164,0,0
591,7.491489,-6.624016,30,-48.5166,0,0
592,7.696199,-6.385022,30,-50.3197,0,0
593,7.870421,-6.168992,30,-51.90991,0,0
594,8.076177,-5.897064,30,-53.86377,0,0
595,8.247771,-5.654579,30,-55.5658,0,0
596,8.376774,-5.461654,30,-56.89563,0,0
597,8.540119,-5.202535,30,-58.65063,0,0
598,8.703306,-4.924679,30,-60.49707,0,0
599,8.838972,-4.676813,30,-62.11609,0,0
600,8.983273,-4.393269,30,-63.93896,0,0
601,9.11344,-4.116457,30,-65.69165,0,0
602,9.228694,-3.851131,30,-67.34912,0,0
603,9.352858,-3.538933,30,-69.27429,0,0
604,9.44963,-3.271772,30,-70.90247,0,0
605,9.540209,-2.997403,30,-72.55798,0,0
606,9.644806,-2.641537,30,-74.68323,0,0
607,9.711682,-2.383952,30,-76.20813,0,0
608,9.779755,-2.087201,30,-77.95264,0,0
609,9.849474,-1.728544,30,-80.04614,0,0
610,9.899128,-1.416782,30,-81.85498,0,0
611,9.935573,-1.133309,30,-83.49255,0,0
612,9.964026,-0.8474469,30,-85.13855,0,0
613,9.983152,-0.5802322,30,-86.67358,0,0
614,9.99578,-0.290486,30,-88.33533,0,0
615,9.999837,0.05712526,30,-90.32727,0,0
616,9.995333,0.3054911,30,-91.75049,0,0
617,9.980713,0.6207864,30,-93.55908,0,0
618,9.957744,0.9183329,30,-95.26904,0,0
619,9.922516,1.242452,30,-97.13708,0,0
620,9.872355,1.592673,30,-99.16431,0,0
621,9.824011,1.867837,30,-100.7651,0,0
622,9.763195,2.163337,30,-102.4938,0,0
623,9.684868,2.49065,30,-104.4221,0,0
624,9.588214,2.840097,30,-106.4996,0,0
625,9.475938,3.194777,30,-108.6312,0,0
626,9.398093,3.416993,30,-109.9803,0,0
627,9.322828,3.617301,30,-111.2064,0,0
628,9.202958,3.912232,30,-113.0305,0,0
629,9.054488,4.244554,30,-115.1161,0,0
630,8.929251,4.502053,30,-116.7568,0,0
631,8.793587,4.7616,30,-118.4348,0,0
632,8.658294,5.003394,30,-120.0223,0,0
633,8.524989,5.227289,30,-121.5154,0,0
634,8.360841,5.486013,30,-123.271,0,0
635,8.183661,5.746973,30,-125.0784,0,0
636,7.97139,6.037959,30,-127.1422,0,0
637,7.806335,6.249891,30,-128.6813,0,0
638,7.631779,6.461885,30,-130.2548,0,0
639,7.422369,6.701376,30,-132.0776,0,0
640,7.197666,6.942161,30,-133.9647,0,0
641,6.945409,7.194533,30,-136.0093,0,0
642,6.739787,7.387507,30,-137.625,0,0
643,6.525193,7.57772,30,-139.2681,0,0
644,6.286548,7.776845,30,-141.049,0,0
645,6.045081,7.96599,30,-142.8065,0,0
646,5.819695,8.132107,30,-144.4108,0,0
647,5.550238,8.318345,30,-146.2876,0,0
648,5.351353,8.447663,30,-147.6469,0,0
649,5.080573,8.613233,30,-149.4655,0,0
650,4.802549,8.77129,30,-151.2979,0,0
651,4.56327,8.898122,30,-152.8496,0,0
652,4.286571,9.034673,30,-154.6176,0,0
653,3.986715,9.170938,30,-156.5048,0,0
654,3.716841,9.283592,30,-158.1804,0,0
655,3.427775,9.394167,30,-159.9537,0,0
656,3.14667,9.492022,30,-161.6592,0,0
657,2.854461,9.583948,30,-163.4144,0,0
658,2.530486,9.674536,30,-165.3419,0,0
659,2.240876,9.74569,30,-167.0507,0,0
660,1.945664,9.808894,30,-168.7805,0,0
661,1.632214,9.865894,30,-170.606,0,0
662,1.380893,9.904198,30,-172.0626,0,0
663,1.077779,9.941751,30,-173.8127,0,0
664,0.7735839,9.970034,30,-175.5632,0,0
665,0.5131686,9.986824,30,-177.0583,0,0
666,0.2254989,9.997458,30,-178.7078,0,0
667,-0.0590199,9.999826,30,-180.3381,0,0
668,-0.3844145,9.992608,30,-182.203,0,0
669,-0.7105815,9.974722,30,-184.0747,0,0
670,-1.010509,9.948812,30,-185.7997,0,0
671,-1.309786,9.913853,30,-187.5261,0,0
672,-1.556213,9.878168,30,-188.9528,0,0
673,-1.86715,9.824142,30,-190.7611,0,0
674,-2.222781,9.749833,30,-192.8428,0,0
675,-2.529908,9.674686,30,-194.6545,0,0
676,-2.82331,9.59317,30,-196.3993,0,0
677,-3.136054,9.495534,30,-198.2766,0,0
678,-3.412571,9.3997,30,-199.9534,0,0
679,-3.686804,9.295563,30,-201.6342,0,0
680,-3.92882,9.195889,30,-203.1339,0,0
681,-4.19048,9.07964,30,-204.7744,0,0
682,-4.474277,8.943201,30,-206.5787,0,0
683,-4.719889,8.816045,30,-208.1635,0,0
684,-4.998031,8.66139,30,-209.9869,0,0
685,-5.228384,8.524319,30,-211.5228,0,0
686,-5.510728,8.344572,30,-213.4406,0,0
687,-5.745636,8.1846,30,-215.069,0,0
688,-6.014417,7.989167,30,-216.9731,0,0
689,-6.256535,7.801011,30,-218.7301,0,0
690,-6.497671,7.601334,30,-220.5239,0,0
691,-6.739811,7.387486,30,-222.375,0,0
692,-6.95214,7.188029,30,-224.0442,0,0
693,-7.202163,6.937495,30,-226.0723,0,0
694,-7.394167,6.73248,30,-227.6816,0,0
695,-7.596945,6.502801,30,-229.4373,0,0
696,-7.771618,6.293008,30,-231.0013,0,0
697,-7.952345,6.06302,30,-232.6774,0,0
698,-8.123877,5.831177,30,-234.3298,0,0
699,-8.294176,5.586291,30,-236.0389,0,0
700,-8.442182,5.359998,30,-237.5881,0,0
701,-8.621471,5.06658,30,-239.5585,0,0
702,-8.76366,4.816457,30,-241.207,0,0
703,-8.898612,4.562313,30,-242.8557,0,0
704,-9.017367,4.322856,30,-244.3872,0,0
705,-9.146691,4.042034,30,-246.1587,0,0
706,-9.263505,3.766627,30,-247.8728,0,0
707,-9.385627,3.451087,30,-249.8115,0,0
708,-9.481025,3.17965,30,-251.4601,0,0
709,-9.576238,2.880219,30,-253.2604,0,0
710,-9.655114,2.603608,30,-254.9084,0,0
711,-9.735506,2.284716,30,-256.7928,0,0
712,-9.802233,1.978948,30,-258.5861,0,0
713,-9.852197,1.712956,30,-260.1367,0,0
714,-9.901076,1.403099,30,-261.9342,0,0
715,-9.934522,1.142487,30,-263.4397,0,0
716,-9.966736,0.8149693,30,-265.3253,0,0
717,-9.988212,0.4854259,30,-267.2175,0,0
718,-9.998904,0.1480488,30,-269.1516,0,0
719,-9.999359,-0.1132311,30,-270.6487,0,0
720,-9.991848,-0.4036893,30,-272.3135,0,0
721,-9.978554,-0.6545666,30,-273.7531,0,0
722,-9.954458,-0.9532869,30,-275.4702,0,0
723,-9.920846,-1.255711,30,-277.2136,0,0
724,-9.88463,-1.514624,30,-278.7117,0,0
725,-9.834151,-1.813688,30,-280.4495,0,0
726,-9.781364,-2.079641,30,-282.0031,0,0
727,-9.717569,-2.35984,30,-283.6495,0,0
728,-9.645558,-2.63879,30,-285.3003,0,0
729,-9.561718,-2.928064,30,-287.026,0,0
730,-9.470638,-3.210454,30,-288.7261,0,0
731,-9.382639,-3.459202,30,-290.2379,0,0
732,-9.275559,-3.736843,30,-291.943,0,0
733,-9.167574,-3.994446,30,-293.5433,0,0
734,-9.043996,-4.266865,30,-295.2574,0,0
735,-8.90889,-4.542213,30,-297.0148,0,0
736,-8.779109,-4.78824,30,-298.6085,0,0
737,-8.651724,-5.014746,30,-300.0975,0,0
738,-8.536349,-5.208718,30,-301.3906,0,0
739,-8.378651,-5.458774,30,-303.0846,0,0
740,-8.226979,-5.684788,30,-304.6442,0,0
741,-8.03677,-5.950658,30,-306.5172,0,0
742,-7.874259,-6.164093,30,-308.0543,0,0
743,-7.694278,-6.387338,30,-309.6974,0,0
744,-7.497895,-6.616764,30,-311.4277,0,0
745,-7.332683,-6.799395,30,-312.8389,0,0
746,-7.142762,-6.998639,30,-314.416,0,0
747,-6.933767,-7.205753,30,-316.1019,0,0
748,-6.714459,-7.410535,30,-317.8212,0,0
749,-6.501434,-7.598115,30,-319.4475,0,0
750,-6.319086,-7.75043,30,-320.8088,0,0
751,-6.086332,-7.934517,30,-322.5092,0,0
752,-5.866692,-8.098267,30,-324.079,0,0
753,-5.602412,-8.283296,30,-325.9275,0,0
754,-5.328072,-8.462366,30,-327.8046,0,0
755,-5.109775,-8.595942,30,-329.271,0,0
756,-4.836698,-8.752506,30,-331.0746,0,0
757,-4.577356,-8.890884,30,-332.7588,0,0
758,-4.297412,-9.029521,30,-334.5488,0,0
759,-4.009187,-9.161137,30,-336.3643,0,0
760,-3.745143,-9.272211,30,-338.0056,0,0
761,-3.514553,-9.362047,30,-339.4236,0,0
762,-3.231333,-9.463534,30,-341.1475,0,0
763,-2.968092,-9.549368,30,-342.7339,0,0
764,-2.648508,-9.642895,30,-344.6418,0,0
765,-2.386378,-9.711086,30,-346.1937,0,0
766,-2.108125,-9.775265,30,-347.83,0,0
767,-1.83136,-9.830876,30,-349.4475,0,0
768,-1.545616,-9.879831,30,-351.1085,0,0
769,-1.253824,-9.921084,30,-352.7971,0,0
770,-0.9581335,-9.953993,30,-354.5018,0,0
771,-0.7208664,-9.973984,30,-355.8661,0,0
772,-0.3849407,-9.992588,30,-357.7938,0,0
773,-0.09429732,-9.999556,30,-359.4596,0,0
774,0.2013839,-9.997972,30,-1.153809,0,0
775,0.4953842,-9.987722,30,-2.839478,0,0
776,0.7959146,-9.968275,30,-4.565063,0,0
777,1.073368,-9.942227,30,-6.161743,0,0
778,1.360722,-9.906989,30,-7.820557,0,0
779,1.639466,-9.864692,30,-9.435913,0,0
780,1.946756,-9.808677,30,-11.22571,0,0
781,2.240252,-9.745834,30,-12.94543,0,0
782,2.511057,-9.679597,30,-14.54285,0,0
783,2.76712,-9.609529,30,-16.06396,0,0
784,3.092947,-9.509663,30,-18.0166,0,0
785,3.349254,-9.422446,30,-19.56787,0,0
786,3.638967,-9.314393,30,-21.3396,0,0
787,3.880333,-9.216454,30,-22.83215,0,0
788,4.200673,-9.07493,30,-24.83875,0,0
789,4.43561,-8.962441,30,-26.33118,0,0
790,4.681281,-8.836606,30,-27.91272,0,0
791,4.962183,-8.681977,30,-29.75,0,0
792,5.207291,-8.53722,30,-31.3811,0,0
793,5.429612,-8.397577,30,-32.88538,0,0
794,5.727023,-8.197634,30,-34.93884,0,0
795,5.95304,-8.035006,30,-36.53418,0,0
796,6.1799,-7.861859,30,-38.16943,0,0
797,6.426926,-7.661242,30,-39.9928,0,0
798,6.65908,-7.460339,30,-41.75195,0,0
799,6.896651,-7.241285,30,-43.60352,0,0
800,7.099028,-7.042997,30,-45.22693,0,0
801,7.308385,-6.825504,30,-46.95667,0,0
802,7.502841,-6.611156,30,-48.61487,0,0
803,7.711356,-6.366709,30,-50.45593,0,0
804,7.919417,-6.105967,30,-52.36731,0,0
805,8.073661,-5.900509,30,-53.83936,0,0
806,8.227164,-5.684521,30,-55.35754,0,0
807,8.400511,-5.425072,30,-57.14539,0,0
808,8.577174,-5.141215,30,-59.06116,0,0
809,8.718849,-4.897109,30,-60.67834,0,0
810,8.850481,-4.654994,30,-62.25732,0,0
811,8.990052,-4.379378,30,-64.02759,0,0
812,9.11429,-4.114574,30,-65.70349,0,0
813,9.237655,-3.829587,30,-67.48291,0,0
814,9.348575,-3.550234,30,-69.20508,0,0
815,9.451565,-3.266178,30,-70.93628,0,0
816,9.532536,-3.021716,30,-72.41187,0,0
817,9.609589,-2.766911,30,-73.93713,0,0
818,9.690757,-2.467638,30,-75.71387,0,0
819,9.755938,-2.195831,30,-77.31543,0,0
820,9.811652,-1.931705,30,-78.86206,0,0
821,9.871672,-1.596902,30,-80.81104,0,0
822,9.91172,-1.325824,30,-82.3811,0,0
823,9.949292,-1.00577,30,-84.22754,0,0
824,9.973794,-0.7234853,30,-85.85107,0,0
825,9.990124,-0.4443161,30,-87.45337,0,0
826,9.99879,-0.1556073,30,-89.10828,0,0
827,9.999006,0.1409554,30,-90.80762,0,0
828,9.993191,0.3689761,30,-92.1145,0,0
829,9.977354,0.6726021,30,-93.85657,0,0
830,9.950347,0.9952894,30,-95.71191,0,0
831,9.914548,1.30451,30,-97.49561,0,0
832,9.876783,1.564974,30,-99.00354,0,0
833,9.823828,1.868799,30,-100.7706,0,0
834,9.77322,2.117585,30,-102.2253,0,0
835,9.70662,2.404478,30,-103.9128,0,0
836,9.641061,2.655173,30,-105.3976,0,0
837,9.55109,2.962544,30,-107.2327,0,0
838,9.464751,3.227766,30,-108.8308,0,0
839,9.367143,3.500949,30,-110.493,0,0
840,9.272488,3.744461,30,-111.99,0,0
841,9.171921,3.984454,30,-113.481,0,0
842,9.053603,4.246442,30,-115.1281,0,0
843,8.922127,4.516155,30,-116.8473,0,0
844,8.799372,4.750901,30,-118.3651,0,0
845,8.652655,5.01314,30,-120.0869,0,0
846,8.508783,5.253627,30,-121.6926,0,0
847,8.35318,5.497671,30,-123.351,0,0
848,8.118155,5.839139,30,-125.7262,0,0
849,7.652269,6.437606,30,-130.0728,0,0
850,7.517868,6.594062,30,-131.2545,0,0
851,7.333944,6.798033,30,-132.8282,0,0
852,7.146183,6.995146,30,-134.3879,0,0
853,6.95281,7.18738,30,-135.9503,0,0
854,6.754212,7.374321,30,-137.5131,0,0
855,6.51631,7.585361,30,-139.3352,0,0
856,6.273079,7.787713,30,-141.1481,0,0
857,6.042311,7.968092,30,-142.8264,0,0
858,5.777639,8.162039,30,-144.7065,0,0
859,5.543122,8.323088,30,-146.3365,0,0
860,5.300481,8.479675,30,-147.9912,0,0
861,5.040394,8.636806,30,-149.7323,0,0
862,4.793608,8.776179,30,-151.3562,0,0
863,4.536836,8.911629,30,-153.0197,0,0
864,4.311294,9.022902,30,-154.4607,0,0
865,4.05691,9.140102,30,-156.0654,0,0
866,3.74644,9.271688,30,-157.9976,0,0
867,3.508594,9.364282,30,-159.4601,0,0
868,3.258095,9.454354,30,-160.9854,0,0
869,2.967661,9.549502,30,-162.7365,0,0
870,2.712479,9.625095,30,-164.2614,0,0
871,2.422228,9.702207,30,-165.9822,0,0
872,2.136388,9.769127,30,-167.6642,0,0
873,1.875468,9.822556,30,-169.1903,0,0
874,1.597799,9.871527,30,-170.8058,0,0
875,1.264767,9.919696,30,-172.7339,0,0
876,0.9972619,9.95015,30,-174.2765,0,0
877,0.6927525,9.975976,30,-176.0276,0,0
878,0.3916558,9.992327,30,-177.7554,0,0
879,0.121558,9.999261,30,-179.3035,0,0
880,-0.1761861,9.998447,30,-181.0094,0,0
881,-0.4648003,9.989193,30,-182.6639,0,0
882,-0.7491088,9.971903,30,-184.296,0,0
883,-1.049143,9.944813,30,-186.0221,0,0
884,-1.35688,9.907516,30,-187.7983,0,0
885,-1.683979,9.857191,30,-189.6946,0,0
886,-2.012541,9.795391,30,-191.6102,0,0
887,-2.314683,9.728424,30,-193.3834,0,0
888,-2.561861,9.666275,30,-194.8438,0,0
889,-2.79802,9.600577,30,-196.2483,0,0
890,-3.092959,9.509658,30,-198.0167,0,0
891,-3.329148,9.429569,30,-199.4457,0,0
892,-3.596321,9.330942,30,-201.0775,0,0
893,-3.921949,9.198821,30,-203.0911,0,0
894,-4.191352,9.079238,30,-204.7799,0,0
895,-4.498301,8.931142,30,-206.7327,0,0
896,-4.740464,8.804999,30,-208.2972,0,0
897,-4.962807,8.681621,30,-209.7542,0,0
898,-5.263124,8.502913,30,-211.7566,0,0
899,-5.504844,8.348454,30,-213.4001,0,0
900,-5.747357,8.183391,30,-215.0811,0,0
901,-5.984468,8.011626,30,-216.7587,0,0
902,-6.19726,7.848182,30,-218.296,0,0
903,-6.432121,7.65688,30,-220.0316,0,0
904,-6.66229,7.457472,30,-221.7766,0,0
905,-6.850779,7.284698,30,-223.2417,0,0
906,-7.08042,7.061703,30,-225.0757,0,0
907,-7.293601,6.841301,30,-226.8326,0,0
908,-7.485966,6.630258,30,-228.4689,0,0
909,-7.679831,6.404701,30,-230.173,0,0
910,-7.844538,6.201873,30,-231.67,0,0
911,-8.05092,5.9315,30,-233.619,0,0
912,-8.220932,5.693529,30,-235.2948,0,0
913,-8.389013,5.442834,30,-237.0242,0,0
914,-8.545206,5.194176,30,-238.7067,0,0
915,-8.681902,4.962315,30,-240.2489,0,0
916,-8.832479,4.689065,30,-242.0366,0,0
917,-8.97263,4.414965,30,-243.8005,0,0
918,-9.12804,4.083978,30,-245.8956,0,0
919,-9.225024,3.859913,30,-247.2947,0,0
920,-9.339092,3.575102,30,-249.0525,0,0
921,-9.439671,3.300397,30,-250.7288,0,0
922,-9.535135,3.013502,30,-252.4612,0,0
923,-9.617883,2.737945,30,-254.1097,0,0
924,-9.69936,2.433601,30,-255.9149,0,0
925,-9.765553,2.152664,30,-257.5687,0,0
926,-9.820823,1.884529,30,-259.1375,0,0
927,-9.872895,1.58932,30,-260.855,0,0
928,-9.912564,1.319497,30,-262.4176,0,0
929,-9.948915,1.009496,30,-264.2061,0,0
930,-9.973963,0.7211516,30,-265.8644,0,0
931,-9.989785,0.451887,30,-267.4099,0,0
932,-9.998554,0.1700121,30,-269.0258,0,0
933,-9.999522,-0.09776986,30,-270.5601,0,0
934,-9.99386,-0.3503662,30,-272.0078,0,0
935,-9.979595,-0.6384897,30,-273.6606,0,0
936,-9.955732,-0.9398879,30,-275.3931,0,0
937,-9.926199,-1.212676,30,-276.9652,0,0
938,-9.884907,-1.51282,30,-278.7012,0,0
939,-9.837307,-1.796492,30,-280.3492,0,0
940,-9.785339,-2.060856,30,-281.8929,0,0
941,-9.727982,-2.316545,30,-283.3944,0,0
942,-9.647581,-2.631382,30,-285.2562,0,0
943,-9.579535,-2.869235,30,-286.6738,0,0
944,-9.493656,-3.141734,30,-288.3108,0,0
945,-9.404334,-3.399779,30,-289.8755,0,0
946,-9.309345,-3.651862,30,-291.4189,0,0
947,-9.227275,-3.854529,30,-292.6718,0,0
948,-9.107557,-4.129457,30,-294.3899,0,0
949,-8.979053,-4.401886,30,-296.1158,0,0
950,-8.873569,-4.610834,30,-297.4569,0,0
951,-8.733313,-4.871268,30,-299.1519,0,0
952,-8.586071,-5.126343,30,-300.8394,0,0
953,-8.441192,-5.361555,30,-302.4222,0,0
954,-8.276953,-5.611778,30,-304.1372,0,0
955,-8.119986,-5.836595,30,-305.7083,0,0
956,-7.965328,-6.045953,30,-307.1996,0,0
957,-7.777188,-6.286123,30,-308.9478,0,0
958,-7.608224,-6.489601,30,-310.4631,0,0
959,-7.421742,-6.70207,30,-312.083,0,0
960,-7.215755,-6.923357,30,-313.8152,0,0
961,-7.018203,-7.123541,30,-315.4266,0,0
962,-6.814708,-7.318454,30,-317.0413,0,0
963,-6.593463,-7.518394,30,-318.7499,0,0
964,-6.393014,-7.689562,30,-320.2601,0,0
965,-6.192647,-7.851823,30,-321.7374,0,0
966,-5.941763,-8.043348,30,-323.546,0,0
967,-5.720041,-8.202507,30,-325.1099,0,0
968,-5.483933,-8.362206,30,-326.743,0,0
969,-5.234451,-8.520594,30,-328.4363,0,0
970,-4.993574,-8.66396,30,-330.0424,0,0
971,-4.737422,-8.806636,30,-331.7224,0,0
972,-4.471671,-8.944504,30,-333.4379,0,0
973,-4.205287,-9.072792,30,-335.132,0,0
974,-3.925913,-9.19713,30,-336.884,0,0
975,-3.700315,-9.290192,30,-338.2823,0,0
976,-3.411213,-9.400193,30,-340.0547,0,0
977,-3.12856,-9.498006,30,-341.7684,0,0
978,-2.845484,-9.586617,30,-343.468,0,0
979,-2.606781,-9.654258,30,-344.8896,0,0
980,-2.286579,-9.735068,30,-346.7819,0,0
981,-2.045822,-9.788494,30,-348.1948,0,0
982,-1.774508,-9.841297,30,-349.7786,0,0
983,-1.488995,-9.888523,30,-351.4368,0,0
984,-1.193563,-9.928514,30,-353.1449,0,0
985,-0.9184963,-9.957729,30,-354.7299,0,0
986,-0.6475992,-9.979009,30,-356.2869,0,0
987,-0.3815416,-9.992719,30,-357.8134,0,0
988,-0.09713262,-9.999529,30,-359.4434,0,0
989,0.2240637,-9.99749,30,-1.283813,0,0
990,0.5186685,-9.98654,30,-2.973022,0,0
991,0.7876121,-9.968935,30,-4.517212,0,0
992,1.058468,-9.943825,30,-6.075806,0,0
993,1.37352,-9.905223,30,-7.894531,0,0
994,1.686887,-9.856693,30,-9.711548,0,0
995,2.008649,-9.796189,30,-11.5874,0,0
996,2.278385,-9.736989,30,-13.1698,0,0
997,2.549169,-9.66963,30,-14.76855,0,0
998,2.755577,-9.612845,30,-15.99512,0,0
999,3.103961,-9.506073,30,-18.08301,0,0
